--------------------------------------------------------
-- Archivo creado  - lunes-julio-01-2019   
--------------------------------------------------------
--------------------------------------------------------
--  DDL for Sequence SITUACION_ECONOMICA_SITUACION_
--------------------------------------------------------

   CREATE SEQUENCE  "ALEJ_UX"."SITUACION_ECONOMICA_SITUACION_"  MINVALUE 1 MAXVALUE 9999999999999999999999999999 INCREMENT BY 1 START WITH 1 NOCACHE  ORDER  NOCYCLE  NOKEEP  NOSCALE  GLOBAL ;
--------------------------------------------------------
--  DDL for Sequence VOUCHER_VOUCHER_ID_SEQ
--------------------------------------------------------

   CREATE SEQUENCE  "ALEJ_UX"."VOUCHER_VOUCHER_ID_SEQ"  MINVALUE 1 MAXVALUE 9999999999999999999999999999 INCREMENT BY 1 START WITH 1 NOCACHE  ORDER  NOCYCLE  NOKEEP  NOSCALE  GLOBAL ;
--------------------------------------------------------
--  DDL for Table APODERADO
--------------------------------------------------------

  CREATE TABLE "ALEJ_UX"."APODERADO" 
   (	"RUT" VARCHAR2(8 BYTE), 
	"DV_RUT" VARCHAR2(1 BYTE), 
	"CONTRASENA" VARCHAR2(20 BYTE), 
	"NOMBRE" VARCHAR2(25 BYTE), 
	"P_APELLIDO" VARCHAR2(30 BYTE), 
	"S_APELLIDO" VARCHAR2(30 BYTE), 
	"CELULAR" NUMBER(9,0), 
	"EMAIL" VARCHAR2(60 BYTE), 
	"DIRECCION" VARCHAR2(60 BYTE), 
	"TIPO_USUARIO" NUMBER(1,0), 
	"N_DIRECCION" NUMBER(6,0), 
	"COMUNA" VARCHAR2(40 BYTE), 
	"CIUDAD" VARCHAR2(60 BYTE)
   ) SEGMENT CREATION IMMEDIATE 
  PCTFREE 10 PCTUSED 40 INITRANS 1 MAXTRANS 255 
 NOCOMPRESS LOGGING
  STORAGE(INITIAL 65536 NEXT 1048576 MINEXTENTS 1 MAXEXTENTS 2147483645
  PCTINCREASE 0 FREELISTS 1 FREELIST GROUPS 1
  BUFFER_POOL DEFAULT FLASH_CACHE DEFAULT CELL_FLASH_CACHE DEFAULT)
  TABLESPACE "USERS" ;
--------------------------------------------------------
--  DDL for Table BOLETA_SERVICIO
--------------------------------------------------------

  CREATE TABLE "ALEJ_UX"."BOLETA_SERVICIO" 
   (	"RESERVA_APODERADO_RUT" VARCHAR2(8 BYTE), 
	"RESERVA_ID_RESERVA" NUMBER(10,0), 
	"FECHA_REGISTRO" DATE
   ) SEGMENT CREATION IMMEDIATE 
  PCTFREE 10 PCTUSED 40 INITRANS 1 MAXTRANS 255 
 NOCOMPRESS LOGGING
  STORAGE(INITIAL 65536 NEXT 1048576 MINEXTENTS 1 MAXEXTENTS 2147483645
  PCTINCREASE 0 FREELISTS 1 FREELIST GROUPS 1
  BUFFER_POOL DEFAULT FLASH_CACHE DEFAULT CELL_FLASH_CACHE DEFAULT)
  TABLESPACE "USERS" ;
--------------------------------------------------------
--  DDL for Table ORDEN
--------------------------------------------------------

  CREATE TABLE "ALEJ_UX"."ORDEN" 
   (	"ID_ORDEN" VARCHAR2(8 BYTE), 
	"NOM_PRODUCTO" VARCHAR2(60 BYTE), 
	"STOCK" NUMBER(4,0), 
	"DESCRIPCION" VARCHAR2(60 BYTE), 
	"PROVEEDOR_RUT" VARCHAR2(9 BYTE), 
	"PROFESIONAL_RUT" VARCHAR2(8 BYTE)
   ) SEGMENT CREATION IMMEDIATE 
  PCTFREE 10 PCTUSED 40 INITRANS 1 MAXTRANS 255 
 NOCOMPRESS LOGGING
  STORAGE(INITIAL 65536 NEXT 1048576 MINEXTENTS 1 MAXEXTENTS 2147483645
  PCTINCREASE 0 FREELISTS 1 FREELIST GROUPS 1
  BUFFER_POOL DEFAULT FLASH_CACHE DEFAULT CELL_FLASH_CACHE DEFAULT)
  TABLESPACE "USERS" ;
--------------------------------------------------------
--  DDL for Table PROFESIONAL
--------------------------------------------------------

  CREATE TABLE "ALEJ_UX"."PROFESIONAL" 
   (	"RUT" VARCHAR2(8 BYTE), 
	"DV_RUT" VARCHAR2(1 BYTE), 
	"NOMBRE" VARCHAR2(40 BYTE), 
	"P_APELLIDO" VARCHAR2(40 BYTE), 
	"S_APELLIDO" VARCHAR2(40 BYTE), 
	"PASSWORD" VARCHAR2(20 BYTE), 
	"TIPO_USUARIO" NUMBER(1,0), 
	"CELULAR" NUMBER(9,0), 
	"EMAIL" VARCHAR2(50 BYTE)
   ) SEGMENT CREATION IMMEDIATE 
  PCTFREE 10 PCTUSED 40 INITRANS 1 MAXTRANS 255 
 NOCOMPRESS LOGGING
  STORAGE(INITIAL 65536 NEXT 1048576 MINEXTENTS 1 MAXEXTENTS 2147483645
  PCTINCREASE 0 FREELISTS 1 FREELIST GROUPS 1
  BUFFER_POOL DEFAULT FLASH_CACHE DEFAULT CELL_FLASH_CACHE DEFAULT)
  TABLESPACE "USERS" ;
--------------------------------------------------------
--  DDL for Table PROVEEDOR
--------------------------------------------------------

  CREATE TABLE "ALEJ_UX"."PROVEEDOR" 
   (	"RUT" VARCHAR2(9 BYTE), 
	"DV_RUT" VARCHAR2(1 BYTE), 
	"NOMBRE" VARCHAR2(60 BYTE), 
	"DESCRIPCION" VARCHAR2(60 BYTE), 
	"DIRECCION" VARCHAR2(60 BYTE), 
	"COMUNA" VARCHAR2(60 BYTE), 
	"CIUDAD" VARCHAR2(60 BYTE), 
	"EMAIL" VARCHAR2(60 BYTE), 
	"CELULAR" NUMBER(11,0), 
	"N_DIRECCION" NUMBER(6,0)
   ) SEGMENT CREATION IMMEDIATE 
  PCTFREE 10 PCTUSED 40 INITRANS 1 MAXTRANS 255 
 NOCOMPRESS LOGGING
  STORAGE(INITIAL 65536 NEXT 1048576 MINEXTENTS 1 MAXEXTENTS 2147483645
  PCTINCREASE 0 FREELISTS 1 FREELIST GROUPS 1
  BUFFER_POOL DEFAULT FLASH_CACHE DEFAULT CELL_FLASH_CACHE DEFAULT)
  TABLESPACE "USERS" ;
--------------------------------------------------------
--  DDL for Table RECEPCION
--------------------------------------------------------

  CREATE TABLE "ALEJ_UX"."RECEPCION" 
   (	"CODIGO" VARCHAR2(17 BYTE), 
	"FECHA" VARCHAR2(16 BYTE), 
	"ORDEN_ID_ORDEN" VARCHAR2(8 BYTE), 
	"ORDEN_PROVEEDOR_RUT" VARCHAR2(9 BYTE), 
	"ORDEN_PROFESIONAL_RUT" VARCHAR2(8 BYTE)
   ) SEGMENT CREATION IMMEDIATE 
  PCTFREE 10 PCTUSED 40 INITRANS 1 MAXTRANS 255 
 NOCOMPRESS LOGGING
  STORAGE(INITIAL 65536 NEXT 1048576 MINEXTENTS 1 MAXEXTENTS 2147483645
  PCTINCREASE 0 FREELISTS 1 FREELIST GROUPS 1
  BUFFER_POOL DEFAULT FLASH_CACHE DEFAULT CELL_FLASH_CACHE DEFAULT)
  TABLESPACE "USERS" ;
--------------------------------------------------------
--  DDL for Table RESERVA_SERVICIO
--------------------------------------------------------

  CREATE TABLE "ALEJ_UX"."RESERVA_SERVICIO" 
   (	"ID_RESERVA" NUMBER(10,0), 
	"SERVICIO" VARCHAR2(50 BYTE), 
	"FECHA" DATE, 
	"APODERADO_RUT" VARCHAR2(8 BYTE), 
	"SERVICIO_ID_SERVICIO" VARCHAR2(8 BYTE), 
	"SERVICIO_PROFESIONAL_RUT" VARCHAR2(8 BYTE), 
	"NOM_PACIENTE" VARCHAR2(60 BYTE)
   ) SEGMENT CREATION IMMEDIATE 
  PCTFREE 10 PCTUSED 40 INITRANS 1 MAXTRANS 255 
 NOCOMPRESS LOGGING
  STORAGE(INITIAL 65536 NEXT 1048576 MINEXTENTS 1 MAXEXTENTS 2147483645
  PCTINCREASE 0 FREELISTS 1 FREELIST GROUPS 1
  BUFFER_POOL DEFAULT FLASH_CACHE DEFAULT CELL_FLASH_CACHE DEFAULT)
  TABLESPACE "USERS" ;
--------------------------------------------------------
--  DDL for Table SERVICIO
--------------------------------------------------------

  CREATE TABLE "ALEJ_UX"."SERVICIO" 
   (	"ID_SERVICIO" VARCHAR2(8 BYTE), 
	"DESCRIPCION" VARCHAR2(50 BYTE), 
	"PROFESIONAL_RUT" VARCHAR2(8 BYTE)
   ) SEGMENT CREATION IMMEDIATE 
  PCTFREE 10 PCTUSED 40 INITRANS 1 MAXTRANS 255 
 NOCOMPRESS LOGGING
  STORAGE(INITIAL 65536 NEXT 1048576 MINEXTENTS 1 MAXEXTENTS 2147483645
  PCTINCREASE 0 FREELISTS 1 FREELIST GROUPS 1
  BUFFER_POOL DEFAULT FLASH_CACHE DEFAULT CELL_FLASH_CACHE DEFAULT)
  TABLESPACE "USERS" ;
--------------------------------------------------------
--  DDL for Table SITUACION_ECONOMICA
--------------------------------------------------------

  CREATE TABLE "ALEJ_UX"."SITUACION_ECONOMICA" 
   (	"AFP2" BLOB, 
	"AFP" BLOB, 
	"FINIQUITO" BLOB, 
	"APODERADO_RUT" VARCHAR2(8 BYTE)
   ) SEGMENT CREATION IMMEDIATE 
  PCTFREE 10 PCTUSED 40 INITRANS 1 MAXTRANS 255 
 NOCOMPRESS LOGGING
  STORAGE(INITIAL 65536 NEXT 1048576 MINEXTENTS 1 MAXEXTENTS 2147483645
  PCTINCREASE 0 FREELISTS 1 FREELIST GROUPS 1
  BUFFER_POOL DEFAULT FLASH_CACHE DEFAULT CELL_FLASH_CACHE DEFAULT)
  TABLESPACE "USERS" 
 LOB ("AFP2") STORE AS SECUREFILE (
  TABLESPACE "USERS" ENABLE STORAGE IN ROW CHUNK 8192
  NOCACHE LOGGING  NOCOMPRESS  KEEP_DUPLICATES 
  STORAGE(INITIAL 106496 NEXT 1048576 MINEXTENTS 1 MAXEXTENTS 2147483645
  PCTINCREASE 0
  BUFFER_POOL DEFAULT FLASH_CACHE DEFAULT CELL_FLASH_CACHE DEFAULT)) 
 LOB ("AFP") STORE AS SECUREFILE (
  TABLESPACE "USERS" ENABLE STORAGE IN ROW CHUNK 8192
  NOCACHE LOGGING  NOCOMPRESS  KEEP_DUPLICATES 
  STORAGE(INITIAL 106496 NEXT 1048576 MINEXTENTS 1 MAXEXTENTS 2147483645
  PCTINCREASE 0
  BUFFER_POOL DEFAULT FLASH_CACHE DEFAULT CELL_FLASH_CACHE DEFAULT)) 
 LOB ("FINIQUITO") STORE AS SECUREFILE (
  TABLESPACE "USERS" ENABLE STORAGE IN ROW CHUNK 8192
  NOCACHE LOGGING  NOCOMPRESS  KEEP_DUPLICATES 
  STORAGE(INITIAL 106496 NEXT 1048576 MINEXTENTS 1 MAXEXTENTS 2147483645
  PCTINCREASE 0
  BUFFER_POOL DEFAULT FLASH_CACHE DEFAULT CELL_FLASH_CACHE DEFAULT)) ;
--------------------------------------------------------
--  DDL for Table TURNO
--------------------------------------------------------

  CREATE TABLE "ALEJ_UX"."TURNO" 
   (	"DIA" DATE, 
	"HORA" VARCHAR2(5 BYTE), 
	"RESERVADA" NUMBER(1,0), 
	"PROFESIONAL_RUT" VARCHAR2(8 BYTE)
   ) SEGMENT CREATION IMMEDIATE 
  PCTFREE 10 PCTUSED 40 INITRANS 1 MAXTRANS 255 
 NOCOMPRESS LOGGING
  STORAGE(INITIAL 65536 NEXT 1048576 MINEXTENTS 1 MAXEXTENTS 2147483645
  PCTINCREASE 0 FREELISTS 1 FREELIST GROUPS 1
  BUFFER_POOL DEFAULT FLASH_CACHE DEFAULT CELL_FLASH_CACHE DEFAULT)
  TABLESPACE "USERS" ;
REM INSERTING into ALEJ_UX.APODERADO
SET DEFINE OFF;
Insert into ALEJ_UX.APODERADO (RUT,DV_RUT,CONTRASENA,NOMBRE,P_APELLIDO,S_APELLIDO,CELULAR,EMAIL,DIRECCION,TIPO_USUARIO,N_DIRECCION,COMUNA,CIUDAD) values ('18523963','8','990558570','Pedro','Morales','Mendez','990558570','ux.mor.dez@gmail.com','asdasd','1','589','Maipu','Santiago');
Insert into ALEJ_UX.APODERADO (RUT,DV_RUT,CONTRASENA,NOMBRE,P_APELLIDO,S_APELLIDO,CELULAR,EMAIL,DIRECCION,TIPO_USUARIO,N_DIRECCION,COMUNA,CIUDAD) values ('19669193','4','12345678','Daniel','Balbontin','Soto','963497619','dbalbontin@live.cl','Las Lilas','1','883','Lo Prado','Santiago');
Insert into ALEJ_UX.APODERADO (RUT,DV_RUT,CONTRASENA,NOMBRE,P_APELLIDO,S_APELLIDO,CELULAR,EMAIL,DIRECCION,TIPO_USUARIO,N_DIRECCION,COMUNA,CIUDAD) values ('18665642','5','esmerilemelo14','Marco','Perez','Soto','963497619','dlj.97ml@outlook.com','Los Jazmines','1','985','Maipú','Santiago');
Insert into ALEJ_UX.APODERADO (RUT,DV_RUT,CONTRASENA,NOMBRE,P_APELLIDO,S_APELLIDO,CELULAR,EMAIL,DIRECCION,TIPO_USUARIO,N_DIRECCION,COMUNA,CIUDAD) values ('19564241','9','12345678','asd','aasd','asd','123456789','ux.mor.dez@gmail.com','asda','1','1','asdasd','asd');
Insert into ALEJ_UX.APODERADO (RUT,DV_RUT,CONTRASENA,NOMBRE,P_APELLIDO,S_APELLIDO,CELULAR,EMAIL,DIRECCION,TIPO_USUARIO,N_DIRECCION,COMUNA,CIUDAD) values ('19564243','9','1234','Alejandro','Morales','Mendez','990558570','ux.mor.dez@gmail.com','Batalla maipu 304','1','304','Maipu','santiago');
Insert into ALEJ_UX.APODERADO (RUT,DV_RUT,CONTRASENA,NOMBRE,P_APELLIDO,S_APELLIDO,CELULAR,EMAIL,DIRECCION,TIPO_USUARIO,N_DIRECCION,COMUNA,CIUDAD) values ('11165951','k','12345678','alejandro','morales','mendez','123456789','asd','sad','1','2','asd','asd');
Insert into ALEJ_UX.APODERADO (RUT,DV_RUT,CONTRASENA,NOMBRE,P_APELLIDO,S_APELLIDO,CELULAR,EMAIL,DIRECCION,TIPO_USUARIO,N_DIRECCION,COMUNA,CIUDAD) values ('7699825','1','12345','Alejandro','Morales','Mendez','990558570','enr.mor.dez@gmail.com','Batalla maipu ','1','304','Maipu','santiago');
Insert into ALEJ_UX.APODERADO (RUT,DV_RUT,CONTRASENA,NOMBRE,P_APELLIDO,S_APELLIDO,CELULAR,EMAIL,DIRECCION,TIPO_USUARIO,N_DIRECCION,COMUNA,CIUDAD) values ('19669190','1','esmerilemelo14','Daniel','Balbontin','Soto','963497619','asdkjhbasdkljahns','Las lilas 974135416','1','883','LoPrado','Santiago');
Insert into ALEJ_UX.APODERADO (RUT,DV_RUT,CONTRASENA,NOMBRE,P_APELLIDO,S_APELLIDO,CELULAR,EMAIL,DIRECCION,TIPO_USUARIO,N_DIRECCION,COMUNA,CIUDAD) values ('19669192','2','12345678','Daniel','Balbontin','Soto','963497619','dbalbontin@live.cl','las lilas','1','883','santiago','lo prado');
REM INSERTING into ALEJ_UX.BOLETA_SERVICIO
SET DEFINE OFF;
Insert into ALEJ_UX.BOLETA_SERVICIO (RESERVA_APODERADO_RUT,RESERVA_ID_RESERVA,FECHA_REGISTRO) values ('19564243','1406191000',to_date('19/06/19','DD/MM/RR'));
REM INSERTING into ALEJ_UX.ORDEN
SET DEFINE OFF;
Insert into ALEJ_UX.ORDEN (ID_ORDEN,NOM_PRODUCTO,STOCK,DESCRIPCION,PROVEEDOR_RUT,PROFESIONAL_RUT) values ('e7ccfda2','Dientes Postizos','32','asd','156325639','19564241');
Insert into ALEJ_UX.ORDEN (ID_ORDEN,NOM_PRODUCTO,STOCK,DESCRIPCION,PROVEEDOR_RUT,PROFESIONAL_RUT) values ('988c3677','Moldes Protesis','120','Moldes para protesis dental','765984568','11345508');
Insert into ALEJ_UX.ORDEN (ID_ORDEN,NOM_PRODUCTO,STOCK,DESCRIPCION,PROVEEDOR_RUT,PROFESIONAL_RUT) values ('5f20d2f8','Moldes','58','se solicitan moldes a pedrito','886451568','11345508');
REM INSERTING into ALEJ_UX.PROFESIONAL
SET DEFINE OFF;
Insert into ALEJ_UX.PROFESIONAL (RUT,DV_RUT,NOMBRE,P_APELLIDO,S_APELLIDO,PASSWORD,TIPO_USUARIO,CELULAR,EMAIL) values ('8165806','k','Marco','Labra','Labra','marla2606','2','956235148','mar.labra@gmail.com');
Insert into ALEJ_UX.PROFESIONAL (RUT,DV_RUT,NOMBRE,P_APELLIDO,S_APELLIDO,PASSWORD,TIPO_USUARIO,CELULAR,EMAIL) values ('19564241','9','Antonio','Lopes','Martinez','12345678','3','990558570','ux.mor.dez@gmail.com');
Insert into ALEJ_UX.PROFESIONAL (RUT,DV_RUT,NOMBRE,P_APELLIDO,S_APELLIDO,PASSWORD,TIPO_USUARIO,CELULAR,EMAIL) values ('11345508','9','Alonso','Rojas','Vlad','12345678','3','990558570','jano.mor.dez@gmail.com');
Insert into ALEJ_UX.PROFESIONAL (RUT,DV_RUT,NOMBRE,P_APELLIDO,S_APELLIDO,PASSWORD,TIPO_USUARIO,CELULAR,EMAIL) values ('16958426','k','Javier','Mendez','Lagos','12345678','2','990558570','jml_mor.dez@gmail.com');
Insert into ALEJ_UX.PROFESIONAL (RUT,DV_RUT,NOMBRE,P_APELLIDO,S_APELLIDO,PASSWORD,TIPO_USUARIO,CELULAR,EMAIL) values ('9564241','k','juaquin','suares','jara','1234567890','2','990558570','jua.sua.ja@gmail.com');
REM INSERTING into ALEJ_UX.PROVEEDOR
SET DEFINE OFF;
Insert into ALEJ_UX.PROVEEDOR (RUT,DV_RUT,NOMBRE,DESCRIPCION,DIRECCION,COMUNA,CIUDAD,EMAIL,CELULAR,N_DIRECCION) values ('156325639','k','ltd Empresa','bla bla bla','av vicuña maquena','Maipu','Santiago','ux.mor.dez@gmail.com','990558570','213');
Insert into ALEJ_UX.PROVEEDOR (RUT,DV_RUT,NOMBRE,DESCRIPCION,DIRECCION,COMUNA,CIUDAD,EMAIL,CELULAR,N_DIRECCION) values ('765984568','5','Super Moldes','Proveedor de moldes para protesis dental','Apoquindo','Las Condes','Santiago','dbalbontin@live.cl','963497619','356');
Insert into ALEJ_UX.PROVEEDOR (RUT,DV_RUT,NOMBRE,DESCRIPCION,DIRECCION,COMUNA,CIUDAD,EMAIL,CELULAR,N_DIRECCION) values ('886451568','8','pedrito','empresa pedrito','las lilas','LoPrado','Santiago','dbalbontin@live.cl','963497619','883');
REM INSERTING into ALEJ_UX.RECEPCION
SET DEFINE OFF;
Insert into ALEJ_UX.RECEPCION (CODIGO,FECHA,ORDEN_ID_ORDEN,ORDEN_PROVEEDOR_RUT,ORDEN_PROFESIONAL_RUT) values ('156Die0000000032','23-06-2019 12:31','e7ccfda2','156325639','19564241');
Insert into ALEJ_UX.RECEPCION (CODIGO,FECHA,ORDEN_ID_ORDEN,ORDEN_PROVEEDOR_RUT,ORDEN_PROFESIONAL_RUT) values ('765Mol26062020120','26-06-2019 15:20','988c3677','765984568','11345508');
Insert into ALEJ_UX.RECEPCION (CODIGO,FECHA,ORDEN_ID_ORDEN,ORDEN_PROVEEDOR_RUT,ORDEN_PROFESIONAL_RUT) values ('886Mol0505202058','26-06-2019 13:49','5f20d2f8','886451568','11345508');
REM INSERTING into ALEJ_UX.RESERVA_SERVICIO
SET DEFINE OFF;
Insert into ALEJ_UX.RESERVA_SERVICIO (ID_RESERVA,SERVICIO,FECHA,APODERADO_RUT,SERVICIO_ID_SERVICIO,SERVICIO_PROFESIONAL_RUT,NOM_PACIENTE) values ('1906191000','Operacion dental',to_date('19/06/19','DD/MM/RR'),'19564243','434b93ef','19564241','asd');
Insert into ALEJ_UX.RESERVA_SERVICIO (ID_RESERVA,SERVICIO,FECHA,APODERADO_RUT,SERVICIO_ID_SERVICIO,SERVICIO_PROFESIONAL_RUT,NOM_PACIENTE) values ('2406191330','Limpiezas Dentales',to_date('24/06/19','DD/MM/RR'),'19564243','894b93ef','11345508','asd');
Insert into ALEJ_UX.RESERVA_SERVICIO (ID_RESERVA,SERVICIO,FECHA,APODERADO_RUT,SERVICIO_ID_SERVICIO,SERVICIO_PROFESIONAL_RUT,NOM_PACIENTE) values ('1406191000','Operacion dental',to_date('14/06/19','DD/MM/RR'),'19564243','434b93ef','19564241','Juansho');
Insert into ALEJ_UX.RESERVA_SERVICIO (ID_RESERVA,SERVICIO,FECHA,APODERADO_RUT,SERVICIO_ID_SERVICIO,SERVICIO_PROFESIONAL_RUT,NOM_PACIENTE) values ('2706191145','Recontrucciones',to_date('27/06/19','DD/MM/RR'),'19669192','304b9ef8','11345508',null);
Insert into ALEJ_UX.RESERVA_SERVICIO (ID_RESERVA,SERVICIO,FECHA,APODERADO_RUT,SERVICIO_ID_SERVICIO,SERVICIO_PROFESIONAL_RUT,NOM_PACIENTE) values ('2506191000','Endodoncias',to_date('25/06/19','DD/MM/RR'),'7699825','214b93ef','19564241','carlos');
Insert into ALEJ_UX.RESERVA_SERVICIO (ID_RESERVA,SERVICIO,FECHA,APODERADO_RUT,SERVICIO_ID_SERVICIO,SERVICIO_PROFESIONAL_RUT,NOM_PACIENTE) values ('2606191000','Radiografia',to_date('26/06/19','DD/MM/RR'),'19564243','ac0ebb9a','9564241',null);
REM INSERTING into ALEJ_UX.SERVICIO
SET DEFINE OFF;
Insert into ALEJ_UX.SERVICIO (ID_SERVICIO,DESCRIPCION,PROFESIONAL_RUT) values ('214b93ef','Endodoncias','16958426');
Insert into ALEJ_UX.SERVICIO (ID_SERVICIO,DESCRIPCION,PROFESIONAL_RUT) values ('6fdcb03a','Moldes Protesis','8165806');
Insert into ALEJ_UX.SERVICIO (ID_SERVICIO,DESCRIPCION,PROFESIONAL_RUT) values ('434b93ef','Operacion dental','11345508');
Insert into ALEJ_UX.SERVICIO (ID_SERVICIO,DESCRIPCION,PROFESIONAL_RUT) values ('434b93ef','Operacion dental','19564241');
Insert into ALEJ_UX.SERVICIO (ID_SERVICIO,DESCRIPCION,PROFESIONAL_RUT) values ('894b93ef','Limpiezas Dentales','11345508');
Insert into ALEJ_UX.SERVICIO (ID_SERVICIO,DESCRIPCION,PROFESIONAL_RUT) values ('674b93ef','Extracciones','19564241');
Insert into ALEJ_UX.SERVICIO (ID_SERVICIO,DESCRIPCION,PROFESIONAL_RUT) values ('304b9ef8','Recontrucciones','11345508');
Insert into ALEJ_UX.SERVICIO (ID_SERVICIO,DESCRIPCION,PROFESIONAL_RUT) values ('214b93ef','Endodoncias','19564241');
Insert into ALEJ_UX.SERVICIO (ID_SERVICIO,DESCRIPCION,PROFESIONAL_RUT) values ('ac0ebb9a','Radiografia','9564241');
REM INSERTING into ALEJ_UX.SITUACION_ECONOMICA
SET DEFINE OFF;
Insert into ALEJ_UX.SITUACION_ECONOMICA (APODERADO_RUT) values ('11165951');
Insert into ALEJ_UX.SITUACION_ECONOMICA (APODERADO_RUT) values ('18523963');
Insert into ALEJ_UX.SITUACION_ECONOMICA (APODERADO_RUT) values ('19564241');
Insert into ALEJ_UX.SITUACION_ECONOMICA (APODERADO_RUT) values ('19669190');
Insert into ALEJ_UX.SITUACION_ECONOMICA (APODERADO_RUT) values ('19669193');
REM INSERTING into ALEJ_UX.TURNO
SET DEFINE OFF;
Insert into ALEJ_UX.TURNO (DIA,HORA,RESERVADA,PROFESIONAL_RUT) values (to_date('01/07/19','DD/MM/RR'),'13:30','0','8165806');
Insert into ALEJ_UX.TURNO (DIA,HORA,RESERVADA,PROFESIONAL_RUT) values (to_date('01/07/19','DD/MM/RR'),'10:00','0','8165806');
Insert into ALEJ_UX.TURNO (DIA,HORA,RESERVADA,PROFESIONAL_RUT) values (to_date('01/07/19','DD/MM/RR'),'11:45','0','8165806');
Insert into ALEJ_UX.TURNO (DIA,HORA,RESERVADA,PROFESIONAL_RUT) values (to_date('22/06/19','DD/MM/RR'),'10:00','0','19564241');
Insert into ALEJ_UX.TURNO (DIA,HORA,RESERVADA,PROFESIONAL_RUT) values (to_date('22/06/19','DD/MM/RR'),'11:45','0','19564241');
Insert into ALEJ_UX.TURNO (DIA,HORA,RESERVADA,PROFESIONAL_RUT) values (to_date('22/06/19','DD/MM/RR'),'13:30','0','19564241');
Insert into ALEJ_UX.TURNO (DIA,HORA,RESERVADA,PROFESIONAL_RUT) values (to_date('22/06/19','DD/MM/RR'),'14:15','0','19564241');
Insert into ALEJ_UX.TURNO (DIA,HORA,RESERVADA,PROFESIONAL_RUT) values (to_date('22/06/19','DD/MM/RR'),'15:00','0','19564241');
Insert into ALEJ_UX.TURNO (DIA,HORA,RESERVADA,PROFESIONAL_RUT) values (to_date('22/06/19','DD/MM/RR'),'16:45','0','19564241');
Insert into ALEJ_UX.TURNO (DIA,HORA,RESERVADA,PROFESIONAL_RUT) values (to_date('24/06/19','DD/MM/RR'),'10:00','1','11345508');
Insert into ALEJ_UX.TURNO (DIA,HORA,RESERVADA,PROFESIONAL_RUT) values (to_date('24/06/19','DD/MM/RR'),'11:45','1','11345508');
Insert into ALEJ_UX.TURNO (DIA,HORA,RESERVADA,PROFESIONAL_RUT) values (to_date('24/06/19','DD/MM/RR'),'13:30','1','11345508');
Insert into ALEJ_UX.TURNO (DIA,HORA,RESERVADA,PROFESIONAL_RUT) values (to_date('15/06/19','DD/MM/RR'),'10:00','0','11345508');
Insert into ALEJ_UX.TURNO (DIA,HORA,RESERVADA,PROFESIONAL_RUT) values (to_date('15/06/19','DD/MM/RR'),'11:45','0','11345508');
Insert into ALEJ_UX.TURNO (DIA,HORA,RESERVADA,PROFESIONAL_RUT) values (to_date('15/06/19','DD/MM/RR'),'13:30','1','11345508');
Insert into ALEJ_UX.TURNO (DIA,HORA,RESERVADA,PROFESIONAL_RUT) values (to_date('15/06/19','DD/MM/RR'),'15:00','1','16958426');
Insert into ALEJ_UX.TURNO (DIA,HORA,RESERVADA,PROFESIONAL_RUT) values (to_date('14/06/19','DD/MM/RR'),'10:00','1','19564241');
Insert into ALEJ_UX.TURNO (DIA,HORA,RESERVADA,PROFESIONAL_RUT) values (to_date('14/06/19','DD/MM/RR'),'11:45','0','19564241');
Insert into ALEJ_UX.TURNO (DIA,HORA,RESERVADA,PROFESIONAL_RUT) values (to_date('14/06/19','DD/MM/RR'),'13:30','0','19564241');
Insert into ALEJ_UX.TURNO (DIA,HORA,RESERVADA,PROFESIONAL_RUT) values (to_date('14/06/19','DD/MM/RR'),'14:15','0','19564241');
Insert into ALEJ_UX.TURNO (DIA,HORA,RESERVADA,PROFESIONAL_RUT) values (to_date('14/06/19','DD/MM/RR'),'15:00','1','19564241');
Insert into ALEJ_UX.TURNO (DIA,HORA,RESERVADA,PROFESIONAL_RUT) values (to_date('15/06/19','DD/MM/RR'),'14:15','0','19564241');
Insert into ALEJ_UX.TURNO (DIA,HORA,RESERVADA,PROFESIONAL_RUT) values (to_date('14/06/19','DD/MM/RR'),'16:45','0','11345508');
Insert into ALEJ_UX.TURNO (DIA,HORA,RESERVADA,PROFESIONAL_RUT) values (to_date('21/06/19','DD/MM/RR'),'16:45','0','16958426');
Insert into ALEJ_UX.TURNO (DIA,HORA,RESERVADA,PROFESIONAL_RUT) values (to_date('27/06/19','DD/MM/RR'),'14:15','0','16958426');
Insert into ALEJ_UX.TURNO (DIA,HORA,RESERVADA,PROFESIONAL_RUT) values (to_date('27/06/19','DD/MM/RR'),'15:00','0','16958426');
Insert into ALEJ_UX.TURNO (DIA,HORA,RESERVADA,PROFESIONAL_RUT) values (to_date('27/06/19','DD/MM/RR'),'16:45','0','16958426');
Insert into ALEJ_UX.TURNO (DIA,HORA,RESERVADA,PROFESIONAL_RUT) values (to_date('27/06/19','DD/MM/RR'),'10:00','0','19564241');
Insert into ALEJ_UX.TURNO (DIA,HORA,RESERVADA,PROFESIONAL_RUT) values (to_date('27/06/19','DD/MM/RR'),'11:45','1','19564241');
Insert into ALEJ_UX.TURNO (DIA,HORA,RESERVADA,PROFESIONAL_RUT) values (to_date('27/06/19','DD/MM/RR'),'13:30','0','19564241');
Insert into ALEJ_UX.TURNO (DIA,HORA,RESERVADA,PROFESIONAL_RUT) values (to_date('27/06/19','DD/MM/RR'),'10:00','0','11345508');
Insert into ALEJ_UX.TURNO (DIA,HORA,RESERVADA,PROFESIONAL_RUT) values (to_date('27/06/19','DD/MM/RR'),'11:45','1','11345508');
Insert into ALEJ_UX.TURNO (DIA,HORA,RESERVADA,PROFESIONAL_RUT) values (to_date('27/06/19','DD/MM/RR'),'13:30','0','11345508');
Insert into ALEJ_UX.TURNO (DIA,HORA,RESERVADA,PROFESIONAL_RUT) values (to_date('27/06/19','DD/MM/RR'),'14:15','0','11345508');
Insert into ALEJ_UX.TURNO (DIA,HORA,RESERVADA,PROFESIONAL_RUT) values (to_date('27/06/19','DD/MM/RR'),'15:00','0','11345508');
Insert into ALEJ_UX.TURNO (DIA,HORA,RESERVADA,PROFESIONAL_RUT) values (to_date('21/06/19','DD/MM/RR'),'10:00','0','19564241');
Insert into ALEJ_UX.TURNO (DIA,HORA,RESERVADA,PROFESIONAL_RUT) values (to_date('21/06/19','DD/MM/RR'),'11:45','0','19564241');
Insert into ALEJ_UX.TURNO (DIA,HORA,RESERVADA,PROFESIONAL_RUT) values (to_date('21/06/19','DD/MM/RR'),'13:30','0','19564241');
Insert into ALEJ_UX.TURNO (DIA,HORA,RESERVADA,PROFESIONAL_RUT) values (to_date('21/06/19','DD/MM/RR'),'14:15','0','16958426');
Insert into ALEJ_UX.TURNO (DIA,HORA,RESERVADA,PROFESIONAL_RUT) values (to_date('21/06/19','DD/MM/RR'),'15:00','0','16958426');
Insert into ALEJ_UX.TURNO (DIA,HORA,RESERVADA,PROFESIONAL_RUT) values (to_date('27/06/19','DD/MM/RR'),'16:45','0','11345508');
Insert into ALEJ_UX.TURNO (DIA,HORA,RESERVADA,PROFESIONAL_RUT) values (to_date('26/06/19','DD/MM/RR'),'10:00','1','19564241');
Insert into ALEJ_UX.TURNO (DIA,HORA,RESERVADA,PROFESIONAL_RUT) values (to_date('26/06/19','DD/MM/RR'),'11:45','0','19564241');
Insert into ALEJ_UX.TURNO (DIA,HORA,RESERVADA,PROFESIONAL_RUT) values (to_date('26/06/19','DD/MM/RR'),'13:30','0','19564241');
Insert into ALEJ_UX.TURNO (DIA,HORA,RESERVADA,PROFESIONAL_RUT) values (to_date('26/06/19','DD/MM/RR'),'14:15','0','19564241');
Insert into ALEJ_UX.TURNO (DIA,HORA,RESERVADA,PROFESIONAL_RUT) values (to_date('26/06/19','DD/MM/RR'),'15:00','0','19564241');
Insert into ALEJ_UX.TURNO (DIA,HORA,RESERVADA,PROFESIONAL_RUT) values (to_date('26/06/19','DD/MM/RR'),'16:45','0','19564241');
Insert into ALEJ_UX.TURNO (DIA,HORA,RESERVADA,PROFESIONAL_RUT) values (to_date('19/06/19','DD/MM/RR'),'10:00','1','19564241');
Insert into ALEJ_UX.TURNO (DIA,HORA,RESERVADA,PROFESIONAL_RUT) values (to_date('19/06/19','DD/MM/RR'),'11:45','1','19564241');
Insert into ALEJ_UX.TURNO (DIA,HORA,RESERVADA,PROFESIONAL_RUT) values (to_date('19/06/19','DD/MM/RR'),'13:30','1','11345508');
Insert into ALEJ_UX.TURNO (DIA,HORA,RESERVADA,PROFESIONAL_RUT) values (to_date('19/06/19','DD/MM/RR'),'15:00','1','11345508');
Insert into ALEJ_UX.TURNO (DIA,HORA,RESERVADA,PROFESIONAL_RUT) values (to_date('25/06/19','DD/MM/RR'),'13:30','0','16958426');
Insert into ALEJ_UX.TURNO (DIA,HORA,RESERVADA,PROFESIONAL_RUT) values (to_date('25/06/19','DD/MM/RR'),'14:15','0','16958426');
Insert into ALEJ_UX.TURNO (DIA,HORA,RESERVADA,PROFESIONAL_RUT) values (to_date('25/06/19','DD/MM/RR'),'15:00','0','16958426');
Insert into ALEJ_UX.TURNO (DIA,HORA,RESERVADA,PROFESIONAL_RUT) values (to_date('25/06/19','DD/MM/RR'),'16:45','0','16958426');
Insert into ALEJ_UX.TURNO (DIA,HORA,RESERVADA,PROFESIONAL_RUT) values (to_date('25/06/19','DD/MM/RR'),'10:00','1','11345508');
Insert into ALEJ_UX.TURNO (DIA,HORA,RESERVADA,PROFESIONAL_RUT) values (to_date('25/06/19','DD/MM/RR'),'11:45','0','11345508');
Insert into ALEJ_UX.TURNO (DIA,HORA,RESERVADA,PROFESIONAL_RUT) values (to_date('25/06/19','DD/MM/RR'),'13:30','0','11345508');
Insert into ALEJ_UX.TURNO (DIA,HORA,RESERVADA,PROFESIONAL_RUT) values (to_date('25/06/19','DD/MM/RR'),'10:00','1','19564241');
Insert into ALEJ_UX.TURNO (DIA,HORA,RESERVADA,PROFESIONAL_RUT) values (to_date('25/06/19','DD/MM/RR'),'11:45','0','19564241');
Insert into ALEJ_UX.TURNO (DIA,HORA,RESERVADA,PROFESIONAL_RUT) values (to_date('25/06/19','DD/MM/RR'),'13:30','0','19564241');
Insert into ALEJ_UX.TURNO (DIA,HORA,RESERVADA,PROFESIONAL_RUT) values (to_date('25/06/19','DD/MM/RR'),'14:15','0','19564241');
Insert into ALEJ_UX.TURNO (DIA,HORA,RESERVADA,PROFESIONAL_RUT) values (to_date('25/06/19','DD/MM/RR'),'15:00','0','19564241');
Insert into ALEJ_UX.TURNO (DIA,HORA,RESERVADA,PROFESIONAL_RUT) values (to_date('25/06/19','DD/MM/RR'),'16:45','0','19564241');
Insert into ALEJ_UX.TURNO (DIA,HORA,RESERVADA,PROFESIONAL_RUT) values (to_date('26/06/19','DD/MM/RR'),'10:00','1','9564241');
Insert into ALEJ_UX.TURNO (DIA,HORA,RESERVADA,PROFESIONAL_RUT) values (to_date('26/06/19','DD/MM/RR'),'11:45','0','9564241');
Insert into ALEJ_UX.TURNO (DIA,HORA,RESERVADA,PROFESIONAL_RUT) values (to_date('26/06/19','DD/MM/RR'),'13:30','0','9564241');
Insert into ALEJ_UX.TURNO (DIA,HORA,RESERVADA,PROFESIONAL_RUT) values (to_date('26/06/19','DD/MM/RR'),'14:15','0','9564241');
Insert into ALEJ_UX.TURNO (DIA,HORA,RESERVADA,PROFESIONAL_RUT) values (to_date('26/06/19','DD/MM/RR'),'15:00','0','9564241');
Insert into ALEJ_UX.TURNO (DIA,HORA,RESERVADA,PROFESIONAL_RUT) values (to_date('26/06/19','DD/MM/RR'),'16:45','0','9564241');
Insert into ALEJ_UX.TURNO (DIA,HORA,RESERVADA,PROFESIONAL_RUT) values (to_date('23/06/19','DD/MM/RR'),'10:00','0','19564241');
Insert into ALEJ_UX.TURNO (DIA,HORA,RESERVADA,PROFESIONAL_RUT) values (to_date('23/06/19','DD/MM/RR'),'11:45','0','19564241');
Insert into ALEJ_UX.TURNO (DIA,HORA,RESERVADA,PROFESIONAL_RUT) values (to_date('23/06/19','DD/MM/RR'),'13:30','0','19564241');
Insert into ALEJ_UX.TURNO (DIA,HORA,RESERVADA,PROFESIONAL_RUT) values (to_date('23/06/19','DD/MM/RR'),'14:15','0','19564241');
Insert into ALEJ_UX.TURNO (DIA,HORA,RESERVADA,PROFESIONAL_RUT) values (to_date('23/06/19','DD/MM/RR'),'15:00','0','19564241');
Insert into ALEJ_UX.TURNO (DIA,HORA,RESERVADA,PROFESIONAL_RUT) values (to_date('23/06/19','DD/MM/RR'),'16:45','0','19564241');
Insert into ALEJ_UX.TURNO (DIA,HORA,RESERVADA,PROFESIONAL_RUT) values (to_date('25/06/19','DD/MM/RR'),'10:00','1','16958426');
Insert into ALEJ_UX.TURNO (DIA,HORA,RESERVADA,PROFESIONAL_RUT) values (to_date('25/06/19','DD/MM/RR'),'11:45','0','16958426');
--------------------------------------------------------
--  DDL for Index APODERADO__IDX
--------------------------------------------------------

  CREATE UNIQUE INDEX "ALEJ_UX"."APODERADO__IDX" ON "ALEJ_UX"."APODERADO" ("RUT") 
  PCTFREE 10 INITRANS 2 MAXTRANS 255 COMPUTE STATISTICS 
  STORAGE(INITIAL 65536 NEXT 1048576 MINEXTENTS 1 MAXEXTENTS 2147483645
  PCTINCREASE 0 FREELISTS 1 FREELIST GROUPS 1
  BUFFER_POOL DEFAULT FLASH_CACHE DEFAULT CELL_FLASH_CACHE DEFAULT)
  TABLESPACE "USERS" ;
--------------------------------------------------------
--  DDL for Index BOLETA_SERVICIO_PK
--------------------------------------------------------

  CREATE UNIQUE INDEX "ALEJ_UX"."BOLETA_SERVICIO_PK" ON "ALEJ_UX"."BOLETA_SERVICIO" ("RESERVA_APODERADO_RUT", "RESERVA_ID_RESERVA") 
  PCTFREE 10 INITRANS 2 MAXTRANS 255 COMPUTE STATISTICS 
  STORAGE(INITIAL 65536 NEXT 1048576 MINEXTENTS 1 MAXEXTENTS 2147483645
  PCTINCREASE 0 FREELISTS 1 FREELIST GROUPS 1
  BUFFER_POOL DEFAULT FLASH_CACHE DEFAULT CELL_FLASH_CACHE DEFAULT)
  TABLESPACE "USERS" ;
--------------------------------------------------------
--  DDL for Index ORDEN_PK
--------------------------------------------------------

  CREATE UNIQUE INDEX "ALEJ_UX"."ORDEN_PK" ON "ALEJ_UX"."ORDEN" ("PROVEEDOR_RUT", "PROFESIONAL_RUT", "ID_ORDEN") 
  PCTFREE 10 INITRANS 2 MAXTRANS 255 COMPUTE STATISTICS 
  STORAGE(INITIAL 65536 NEXT 1048576 MINEXTENTS 1 MAXEXTENTS 2147483645
  PCTINCREASE 0 FREELISTS 1 FREELIST GROUPS 1
  BUFFER_POOL DEFAULT FLASH_CACHE DEFAULT CELL_FLASH_CACHE DEFAULT)
  TABLESPACE "USERS" ;
--------------------------------------------------------
--  DDL for Index PROFESIONAL_PK
--------------------------------------------------------

  CREATE UNIQUE INDEX "ALEJ_UX"."PROFESIONAL_PK" ON "ALEJ_UX"."PROFESIONAL" ("RUT") 
  PCTFREE 10 INITRANS 2 MAXTRANS 255 COMPUTE STATISTICS 
  STORAGE(INITIAL 65536 NEXT 1048576 MINEXTENTS 1 MAXEXTENTS 2147483645
  PCTINCREASE 0 FREELISTS 1 FREELIST GROUPS 1
  BUFFER_POOL DEFAULT FLASH_CACHE DEFAULT CELL_FLASH_CACHE DEFAULT)
  TABLESPACE "USERS" ;
--------------------------------------------------------
--  DDL for Index PROVEEDOR_PK
--------------------------------------------------------

  CREATE UNIQUE INDEX "ALEJ_UX"."PROVEEDOR_PK" ON "ALEJ_UX"."PROVEEDOR" ("RUT") 
  PCTFREE 10 INITRANS 2 MAXTRANS 255 COMPUTE STATISTICS 
  STORAGE(INITIAL 65536 NEXT 1048576 MINEXTENTS 1 MAXEXTENTS 2147483645
  PCTINCREASE 0 FREELISTS 1 FREELIST GROUPS 1
  BUFFER_POOL DEFAULT FLASH_CACHE DEFAULT CELL_FLASH_CACHE DEFAULT)
  TABLESPACE "USERS" ;
--------------------------------------------------------
--  DDL for Index RECEPCION_PK
--------------------------------------------------------

  CREATE UNIQUE INDEX "ALEJ_UX"."RECEPCION_PK" ON "ALEJ_UX"."RECEPCION" ("CODIGO") 
  PCTFREE 10 INITRANS 2 MAXTRANS 255 COMPUTE STATISTICS 
  STORAGE(INITIAL 65536 NEXT 1048576 MINEXTENTS 1 MAXEXTENTS 2147483645
  PCTINCREASE 0 FREELISTS 1 FREELIST GROUPS 1
  BUFFER_POOL DEFAULT FLASH_CACHE DEFAULT CELL_FLASH_CACHE DEFAULT)
  TABLESPACE "USERS" ;
--------------------------------------------------------
--  DDL for Index SITUACION_ECONOMICA_PKV1
--------------------------------------------------------

  CREATE UNIQUE INDEX "ALEJ_UX"."SITUACION_ECONOMICA_PKV1" ON "ALEJ_UX"."SITUACION_ECONOMICA" ("APODERADO_RUT") 
  PCTFREE 10 INITRANS 2 MAXTRANS 255 COMPUTE STATISTICS 
  STORAGE(INITIAL 65536 NEXT 1048576 MINEXTENTS 1 MAXEXTENTS 2147483645
  PCTINCREASE 0 FREELISTS 1 FREELIST GROUPS 1
  BUFFER_POOL DEFAULT FLASH_CACHE DEFAULT CELL_FLASH_CACHE DEFAULT)
  TABLESPACE "USERS" ;
--------------------------------------------------------
--  DDL for Index RECEPCION__IDX
--------------------------------------------------------

  CREATE UNIQUE INDEX "ALEJ_UX"."RECEPCION__IDX" ON "ALEJ_UX"."RECEPCION" ("ORDEN_ID_ORDEN", "ORDEN_PROVEEDOR_RUT", "ORDEN_PROFESIONAL_RUT") 
  PCTFREE 10 INITRANS 2 MAXTRANS 255 COMPUTE STATISTICS 
  STORAGE(INITIAL 65536 NEXT 1048576 MINEXTENTS 1 MAXEXTENTS 2147483645
  PCTINCREASE 0 FREELISTS 1 FREELIST GROUPS 1
  BUFFER_POOL DEFAULT FLASH_CACHE DEFAULT CELL_FLASH_CACHE DEFAULT)
  TABLESPACE "USERS" ;
--------------------------------------------------------
--  DDL for Index SERVICIO_PK
--------------------------------------------------------

  CREATE UNIQUE INDEX "ALEJ_UX"."SERVICIO_PK" ON "ALEJ_UX"."SERVICIO" ("ID_SERVICIO", "PROFESIONAL_RUT") 
  PCTFREE 10 INITRANS 2 MAXTRANS 255 COMPUTE STATISTICS 
  STORAGE(INITIAL 65536 NEXT 1048576 MINEXTENTS 1 MAXEXTENTS 2147483645
  PCTINCREASE 0 FREELISTS 1 FREELIST GROUPS 1
  BUFFER_POOL DEFAULT FLASH_CACHE DEFAULT CELL_FLASH_CACHE DEFAULT)
  TABLESPACE "USERS" ;
--------------------------------------------------------
--  DDL for Index RECEPCION__IDXV1
--------------------------------------------------------

  CREATE UNIQUE INDEX "ALEJ_UX"."RECEPCION__IDXV1" ON "ALEJ_UX"."RECEPCION" ("ORDEN_PROVEEDOR_RUT", "ORDEN_PROFESIONAL_RUT", "ORDEN_ID_ORDEN") 
  PCTFREE 10 INITRANS 2 MAXTRANS 255 COMPUTE STATISTICS 
  STORAGE(INITIAL 65536 NEXT 1048576 MINEXTENTS 1 MAXEXTENTS 2147483645
  PCTINCREASE 0 FREELISTS 1 FREELIST GROUPS 1
  BUFFER_POOL DEFAULT FLASH_CACHE DEFAULT CELL_FLASH_CACHE DEFAULT)
  TABLESPACE "USERS" ;
--------------------------------------------------------
--  Constraints for Table TURNO
--------------------------------------------------------

  ALTER TABLE "ALEJ_UX"."TURNO" MODIFY ("DIA" NOT NULL ENABLE);
  ALTER TABLE "ALEJ_UX"."TURNO" MODIFY ("HORA" NOT NULL ENABLE);
  ALTER TABLE "ALEJ_UX"."TURNO" MODIFY ("RESERVADA" NOT NULL ENABLE);
  ALTER TABLE "ALEJ_UX"."TURNO" MODIFY ("PROFESIONAL_RUT" NOT NULL ENABLE);
--------------------------------------------------------
--  Constraints for Table RESERVA_SERVICIO
--------------------------------------------------------

  ALTER TABLE "ALEJ_UX"."RESERVA_SERVICIO" MODIFY ("ID_RESERVA" NOT NULL ENABLE);
  ALTER TABLE "ALEJ_UX"."RESERVA_SERVICIO" MODIFY ("SERVICIO" NOT NULL ENABLE);
  ALTER TABLE "ALEJ_UX"."RESERVA_SERVICIO" MODIFY ("FECHA" NOT NULL ENABLE);
  ALTER TABLE "ALEJ_UX"."RESERVA_SERVICIO" MODIFY ("APODERADO_RUT" NOT NULL ENABLE);
  ALTER TABLE "ALEJ_UX"."RESERVA_SERVICIO" MODIFY ("SERVICIO_ID_SERVICIO" NOT NULL ENABLE);
  ALTER TABLE "ALEJ_UX"."RESERVA_SERVICIO" MODIFY ("SERVICIO_PROFESIONAL_RUT" NOT NULL ENABLE);
--------------------------------------------------------
--  Constraints for Table RECEPCION
--------------------------------------------------------

  ALTER TABLE "ALEJ_UX"."RECEPCION" MODIFY ("CODIGO" NOT NULL ENABLE);
  ALTER TABLE "ALEJ_UX"."RECEPCION" MODIFY ("FECHA" NOT NULL ENABLE);
  ALTER TABLE "ALEJ_UX"."RECEPCION" MODIFY ("ORDEN_ID_ORDEN" NOT NULL ENABLE);
  ALTER TABLE "ALEJ_UX"."RECEPCION" MODIFY ("ORDEN_PROVEEDOR_RUT" NOT NULL ENABLE);
  ALTER TABLE "ALEJ_UX"."RECEPCION" MODIFY ("ORDEN_PROFESIONAL_RUT" NOT NULL ENABLE);
  ALTER TABLE "ALEJ_UX"."RECEPCION" ADD CONSTRAINT "RECEPCION_PK" PRIMARY KEY ("CODIGO")
  USING INDEX PCTFREE 10 INITRANS 2 MAXTRANS 255 COMPUTE STATISTICS 
  STORAGE(INITIAL 65536 NEXT 1048576 MINEXTENTS 1 MAXEXTENTS 2147483645
  PCTINCREASE 0 FREELISTS 1 FREELIST GROUPS 1
  BUFFER_POOL DEFAULT FLASH_CACHE DEFAULT CELL_FLASH_CACHE DEFAULT)
  TABLESPACE "USERS"  ENABLE;
--------------------------------------------------------
--  Constraints for Table SERVICIO
--------------------------------------------------------

  ALTER TABLE "ALEJ_UX"."SERVICIO" MODIFY ("ID_SERVICIO" NOT NULL ENABLE);
  ALTER TABLE "ALEJ_UX"."SERVICIO" MODIFY ("DESCRIPCION" NOT NULL ENABLE);
  ALTER TABLE "ALEJ_UX"."SERVICIO" MODIFY ("PROFESIONAL_RUT" NOT NULL ENABLE);
--------------------------------------------------------
--  Constraints for Table PROVEEDOR
--------------------------------------------------------

  ALTER TABLE "ALEJ_UX"."PROVEEDOR" MODIFY ("RUT" NOT NULL ENABLE);
  ALTER TABLE "ALEJ_UX"."PROVEEDOR" MODIFY ("DV_RUT" NOT NULL ENABLE);
  ALTER TABLE "ALEJ_UX"."PROVEEDOR" MODIFY ("NOMBRE" NOT NULL ENABLE);
  ALTER TABLE "ALEJ_UX"."PROVEEDOR" MODIFY ("DESCRIPCION" NOT NULL ENABLE);
  ALTER TABLE "ALEJ_UX"."PROVEEDOR" MODIFY ("DIRECCION" NOT NULL ENABLE);
  ALTER TABLE "ALEJ_UX"."PROVEEDOR" MODIFY ("COMUNA" NOT NULL ENABLE);
  ALTER TABLE "ALEJ_UX"."PROVEEDOR" MODIFY ("CIUDAD" NOT NULL ENABLE);
  ALTER TABLE "ALEJ_UX"."PROVEEDOR" MODIFY ("EMAIL" NOT NULL ENABLE);
  ALTER TABLE "ALEJ_UX"."PROVEEDOR" MODIFY ("CELULAR" NOT NULL ENABLE);
  ALTER TABLE "ALEJ_UX"."PROVEEDOR" MODIFY ("N_DIRECCION" NOT NULL ENABLE);
  ALTER TABLE "ALEJ_UX"."PROVEEDOR" ADD CONSTRAINT "PROVEEDOR_PK" PRIMARY KEY ("RUT")
  USING INDEX PCTFREE 10 INITRANS 2 MAXTRANS 255 COMPUTE STATISTICS 
  STORAGE(INITIAL 65536 NEXT 1048576 MINEXTENTS 1 MAXEXTENTS 2147483645
  PCTINCREASE 0 FREELISTS 1 FREELIST GROUPS 1
  BUFFER_POOL DEFAULT FLASH_CACHE DEFAULT CELL_FLASH_CACHE DEFAULT)
  TABLESPACE "USERS"  ENABLE;
--------------------------------------------------------
--  Constraints for Table PROFESIONAL
--------------------------------------------------------

  ALTER TABLE "ALEJ_UX"."PROFESIONAL" MODIFY ("RUT" NOT NULL ENABLE);
  ALTER TABLE "ALEJ_UX"."PROFESIONAL" MODIFY ("DV_RUT" NOT NULL ENABLE);
  ALTER TABLE "ALEJ_UX"."PROFESIONAL" MODIFY ("NOMBRE" NOT NULL ENABLE);
  ALTER TABLE "ALEJ_UX"."PROFESIONAL" MODIFY ("P_APELLIDO" NOT NULL ENABLE);
  ALTER TABLE "ALEJ_UX"."PROFESIONAL" MODIFY ("S_APELLIDO" NOT NULL ENABLE);
  ALTER TABLE "ALEJ_UX"."PROFESIONAL" MODIFY ("PASSWORD" NOT NULL ENABLE);
  ALTER TABLE "ALEJ_UX"."PROFESIONAL" MODIFY ("TIPO_USUARIO" NOT NULL ENABLE);
  ALTER TABLE "ALEJ_UX"."PROFESIONAL" MODIFY ("CELULAR" NOT NULL ENABLE);
  ALTER TABLE "ALEJ_UX"."PROFESIONAL" ADD CONSTRAINT "PROFESIONAL_PK" PRIMARY KEY ("RUT")
  USING INDEX PCTFREE 10 INITRANS 2 MAXTRANS 255 COMPUTE STATISTICS 
  STORAGE(INITIAL 65536 NEXT 1048576 MINEXTENTS 1 MAXEXTENTS 2147483645
  PCTINCREASE 0 FREELISTS 1 FREELIST GROUPS 1
  BUFFER_POOL DEFAULT FLASH_CACHE DEFAULT CELL_FLASH_CACHE DEFAULT)
  TABLESPACE "USERS"  ENABLE;
--------------------------------------------------------
--  Constraints for Table APODERADO
--------------------------------------------------------

  ALTER TABLE "ALEJ_UX"."APODERADO" MODIFY ("RUT" NOT NULL ENABLE);
  ALTER TABLE "ALEJ_UX"."APODERADO" MODIFY ("DV_RUT" NOT NULL ENABLE);
  ALTER TABLE "ALEJ_UX"."APODERADO" MODIFY ("CONTRASENA" NOT NULL ENABLE);
  ALTER TABLE "ALEJ_UX"."APODERADO" MODIFY ("NOMBRE" NOT NULL ENABLE);
  ALTER TABLE "ALEJ_UX"."APODERADO" MODIFY ("P_APELLIDO" NOT NULL ENABLE);
  ALTER TABLE "ALEJ_UX"."APODERADO" MODIFY ("S_APELLIDO" NOT NULL ENABLE);
  ALTER TABLE "ALEJ_UX"."APODERADO" MODIFY ("CELULAR" NOT NULL ENABLE);
  ALTER TABLE "ALEJ_UX"."APODERADO" MODIFY ("EMAIL" NOT NULL ENABLE);
  ALTER TABLE "ALEJ_UX"."APODERADO" MODIFY ("DIRECCION" NOT NULL ENABLE);
  ALTER TABLE "ALEJ_UX"."APODERADO" MODIFY ("TIPO_USUARIO" NOT NULL ENABLE);
  ALTER TABLE "ALEJ_UX"."APODERADO" MODIFY ("N_DIRECCION" NOT NULL ENABLE);
  ALTER TABLE "ALEJ_UX"."APODERADO" MODIFY ("COMUNA" NOT NULL ENABLE);
  ALTER TABLE "ALEJ_UX"."APODERADO" MODIFY ("CIUDAD" NOT NULL ENABLE);
  ALTER TABLE "ALEJ_UX"."APODERADO" ADD CONSTRAINT "APODERADO_PK" PRIMARY KEY ("RUT")
  USING INDEX (CREATE UNIQUE INDEX "ALEJ_UX"."APODERADO__IDX" ON "ALEJ_UX"."APODERADO" ("RUT") 
  PCTFREE 10 INITRANS 2 MAXTRANS 255 COMPUTE STATISTICS 
  STORAGE(INITIAL 65536 NEXT 1048576 MINEXTENTS 1 MAXEXTENTS 2147483645
  PCTINCREASE 0 FREELISTS 1 FREELIST GROUPS 1
  BUFFER_POOL DEFAULT FLASH_CACHE DEFAULT CELL_FLASH_CACHE DEFAULT)
  TABLESPACE "USERS" )  ENABLE;
--------------------------------------------------------
--  Constraints for Table SITUACION_ECONOMICA
--------------------------------------------------------

  ALTER TABLE "ALEJ_UX"."SITUACION_ECONOMICA" MODIFY ("APODERADO_RUT" NOT NULL ENABLE);
  ALTER TABLE "ALEJ_UX"."SITUACION_ECONOMICA" ADD CONSTRAINT "SITUACION_ECONOMICA_PKV1" PRIMARY KEY ("APODERADO_RUT")
  USING INDEX PCTFREE 10 INITRANS 2 MAXTRANS 255 COMPUTE STATISTICS 
  STORAGE(INITIAL 65536 NEXT 1048576 MINEXTENTS 1 MAXEXTENTS 2147483645
  PCTINCREASE 0 FREELISTS 1 FREELIST GROUPS 1
  BUFFER_POOL DEFAULT FLASH_CACHE DEFAULT CELL_FLASH_CACHE DEFAULT)
  TABLESPACE "USERS"  ENABLE;
--------------------------------------------------------
--  Constraints for Table ORDEN
--------------------------------------------------------

  ALTER TABLE "ALEJ_UX"."ORDEN" MODIFY ("ID_ORDEN" NOT NULL ENABLE);
  ALTER TABLE "ALEJ_UX"."ORDEN" MODIFY ("NOM_PRODUCTO" NOT NULL ENABLE);
  ALTER TABLE "ALEJ_UX"."ORDEN" MODIFY ("STOCK" NOT NULL ENABLE);
  ALTER TABLE "ALEJ_UX"."ORDEN" MODIFY ("DESCRIPCION" NOT NULL ENABLE);
  ALTER TABLE "ALEJ_UX"."ORDEN" MODIFY ("PROVEEDOR_RUT" NOT NULL ENABLE);
  ALTER TABLE "ALEJ_UX"."ORDEN" MODIFY ("PROFESIONAL_RUT" NOT NULL ENABLE);
  ALTER TABLE "ALEJ_UX"."ORDEN" ADD CONSTRAINT "ORDEN_PK" PRIMARY KEY ("PROVEEDOR_RUT", "PROFESIONAL_RUT", "ID_ORDEN")
  USING INDEX PCTFREE 10 INITRANS 2 MAXTRANS 255 COMPUTE STATISTICS 
  STORAGE(INITIAL 65536 NEXT 1048576 MINEXTENTS 1 MAXEXTENTS 2147483645
  PCTINCREASE 0 FREELISTS 1 FREELIST GROUPS 1
  BUFFER_POOL DEFAULT FLASH_CACHE DEFAULT CELL_FLASH_CACHE DEFAULT)
  TABLESPACE "USERS"  ENABLE;
--------------------------------------------------------
--  Constraints for Table BOLETA_SERVICIO
--------------------------------------------------------

  ALTER TABLE "ALEJ_UX"."BOLETA_SERVICIO" MODIFY ("RESERVA_APODERADO_RUT" NOT NULL ENABLE);
  ALTER TABLE "ALEJ_UX"."BOLETA_SERVICIO" MODIFY ("RESERVA_ID_RESERVA" NOT NULL ENABLE);
  ALTER TABLE "ALEJ_UX"."BOLETA_SERVICIO" MODIFY ("FECHA_REGISTRO" NOT NULL ENABLE);
  ALTER TABLE "ALEJ_UX"."BOLETA_SERVICIO" ADD CONSTRAINT "BOLETA_SERVICIO_PK" PRIMARY KEY ("RESERVA_APODERADO_RUT", "RESERVA_ID_RESERVA")
  USING INDEX PCTFREE 10 INITRANS 2 MAXTRANS 255 COMPUTE STATISTICS 
  STORAGE(INITIAL 65536 NEXT 1048576 MINEXTENTS 1 MAXEXTENTS 2147483645
  PCTINCREASE 0 FREELISTS 1 FREELIST GROUPS 1
  BUFFER_POOL DEFAULT FLASH_CACHE DEFAULT CELL_FLASH_CACHE DEFAULT)
  TABLESPACE "USERS"  ENABLE;
--------------------------------------------------------
--  Ref Constraints for Table ORDEN
--------------------------------------------------------

  ALTER TABLE "ALEJ_UX"."ORDEN" ADD CONSTRAINT "ORDEN_PROVEEDOR_FK" FOREIGN KEY ("PROVEEDOR_RUT")
	  REFERENCES "ALEJ_UX"."PROVEEDOR" ("RUT") ENABLE;
--------------------------------------------------------
--  Ref Constraints for Table RECEPCION
--------------------------------------------------------

  ALTER TABLE "ALEJ_UX"."RECEPCION" ADD CONSTRAINT "RECEPCION_ORDEN_FK" FOREIGN KEY ("ORDEN_PROVEEDOR_RUT", "ORDEN_PROFESIONAL_RUT", "ORDEN_ID_ORDEN")
	  REFERENCES "ALEJ_UX"."ORDEN" ("PROVEEDOR_RUT", "PROFESIONAL_RUT", "ID_ORDEN") ENABLE;
--------------------------------------------------------
--  Ref Constraints for Table RESERVA_SERVICIO
--------------------------------------------------------

  ALTER TABLE "ALEJ_UX"."RESERVA_SERVICIO" ADD CONSTRAINT "RESERVA_APODERADO_FK" FOREIGN KEY ("APODERADO_RUT")
	  REFERENCES "ALEJ_UX"."APODERADO" ("RUT") ENABLE;
--------------------------------------------------------
--  Ref Constraints for Table SERVICIO
--------------------------------------------------------

  ALTER TABLE "ALEJ_UX"."SERVICIO" ADD CONSTRAINT "SERVICIO_PROFESIONAL_FK" FOREIGN KEY ("PROFESIONAL_RUT")
	  REFERENCES "ALEJ_UX"."PROFESIONAL" ("RUT") ENABLE;
--------------------------------------------------------
--  Ref Constraints for Table SITUACION_ECONOMICA
--------------------------------------------------------

  ALTER TABLE "ALEJ_UX"."SITUACION_ECONOMICA" ADD CONSTRAINT "S_E_APODERADO_FK" FOREIGN KEY ("APODERADO_RUT")
	  REFERENCES "ALEJ_UX"."APODERADO" ("RUT") ENABLE;
--------------------------------------------------------
--  Ref Constraints for Table TURNO
--------------------------------------------------------

  ALTER TABLE "ALEJ_UX"."TURNO" ADD CONSTRAINT "TURNO_PROFESIONAL_FK" FOREIGN KEY ("PROFESIONAL_RUT")
	  REFERENCES "ALEJ_UX"."PROFESIONAL" ("RUT") ENABLE;
